region,mw
Antofagasta,6954.348900000002
Atacama,4027.8909000000003
Coquimbo,1413.5054799999994
Biobío,1190.6171000000002
Metropolitana,1123.487215
La Araucanía,1082.5487
Maule,942.3179000000005
O'Higgins,838.0236300000003
Valparaíso,673.6979000000003
Tarapacá,607.4187
Los Lagos,483.7638100000001
Ñuble,378.3958000000001