region,mw
Antofagasta,6369.654400000001
Atacama,4027.8909000000003
Coquimbo,1397.3629799999997
Biobio,1184.7971000000005
Metropolitana,1100.1472149999997
La Araucania,1075.8722
Maule,930.0679000000005
O'Higgins,816.8553300000002
Valparaiso,667.9379000000004
Tarapaca,607.4187
Los Lagos,483.7638100000001
Nuble,347.7014