tecnologia,mw
Solar,12332.207059999993
Eólica,6310.425299999997
Hidráulica de pasada,656.200475
Biomasa,607.6905
Geotérmica,83.58
Biogas,58.4571