tecnologia,mw
Solar,12081.983859999997
Eólica,5865.297099999997
Hidráulica de pasada,645.005675
Biomasa,607.6905
Geotérmica,83.58
Biogas,58.4571