tecnologia,mw
Solar,12081.983859999997
Eolica,5865.297099999997
Hidraulica de Pasada,645.005675
Biomasa,607.6905
Geotermica,83.58
Biogas,58.4571