{
  "totalErncMw": 20048.560435000032,
  "porcentajeErnc": 51.929216833790626,
  "totalNbMw": 512.982944935638,
  "pipelineMwTotal": 1514.5,
  "erncCount": 1008
}