{
  "totalErncMw": 19342.01423500002,
  "porcentajeErnc": 51.039904286153345,
  "totalNbMw": 480.31025993563907,
  "pipelineMwTotal": 1514.5,
  "erncCount": 986
}